k,p,accuracy,time
1,1,70.625,0.1981201171875
1,2,70.625,0.15327906608581543
1,3,70.625,0.31874608993530273
1,4,71.04166666666667,0.29974985122680664
1,5,70.83333333333334,0.292372465133667
1,6,70.625,0.29385876655578613
1,7,70.20833333333333,0.321260929107666
1,8,70.20833333333333,0.28591418266296387
1,9,70.20833333333333,0.28939390182495117
1,10,70.20833333333333,0.29189467430114746
2,1,72.08333333333333,0.1475508213043213
2,2,71.66666666666667,0.14651083946228027
2,3,70.20833333333333,0.2982640266418457
2,4,69.79166666666666,0.29405808448791504
2,5,69.58333333333333,0.2599811553955078
2,6,69.79166666666666,0.23240351676940918
2,7,69.79166666666666,0.23471593856811523
2,8,69.79166666666666,0.20819449424743652
2,9,70.0,0.17918848991394043
2,10,70.0,0.201185941696167
3,1,76.25,0.09712505340576172
3,2,76.66666666666667,0.09519600868225098
3,3,75.41666666666667,0.17949318885803223
3,4,75.41666666666667,0.18136310577392578
3,5,75.20833333333333,0.18185853958129883
3,6,75.0,0.18118619918823242
3,7,74.79166666666667,0.1984264850616455
3,8,74.79166666666667,0.17996454238891602
3,9,74.79166666666667,0.18062400817871094
3,10,75.0,0.1892242431640625
4,1,75.41666666666667,0.09567785263061523
4,2,75.0,0.09568929672241211
4,3,75.41666666666667,0.1827390193939209
4,4,75.625,0.18208599090576172
4,5,75.20833333333333,0.1802065372467041
4,6,75.83333333333333,0.18063592910766602
4,7,75.625,0.19299936294555664
4,8,75.41666666666667,0.18245267868041992
4,9,75.41666666666667,0.18140292167663574
4,10,75.20833333333333,0.18092083930969238
5,1,77.5,0.09659028053283691
5,2,77.5,0.1019442081451416
5,3,77.29166666666667,0.17884016036987305
5,4,76.66666666666667,0.181884765625
5,5,76.25,0.18094706535339355
5,6,76.66666666666667,0.17948412895202637
5,7,76.875,0.18019318580627441
5,8,76.66666666666667,0.17918610572814941
5,9,76.66666666666667,0.1817777156829834
5,10,76.66666666666667,0.18105292320251465
6,1,77.5,0.09564208984375
6,2,77.29166666666667,0.09602808952331543
6,3,75.83333333333333,0.17879009246826172
6,4,75.20833333333333,0.18345928192138672
6,5,75.625,0.21848821640014648
6,6,75.83333333333333,0.18630099296569824
6,7,75.83333333333333,0.19164586067199707
6,8,75.83333333333333,0.19077634811401367
6,9,75.83333333333333,0.1981668472290039
6,10,75.83333333333333,0.18247580528259277
7,1,77.91666666666667,0.09863162040710449
7,2,77.5,0.10163497924804688
7,3,77.5,0.19861984252929688
7,4,77.5,0.18796110153198242
7,5,77.5,0.19510746002197266
7,6,78.125,0.18921375274658203
7,7,78.33333333333333,0.18833279609680176
7,8,78.33333333333333,0.18004250526428223
7,9,78.33333333333333,0.18112993240356445
7,10,78.33333333333333,0.18147802352905273
8,1,77.29166666666667,0.09530401229858398
8,2,77.91666666666667,0.09938406944274902
8,3,77.91666666666667,0.1818227767944336
8,4,77.29166666666667,0.20261335372924805
8,5,76.875,0.18074369430541992
8,6,77.08333333333334,0.18049955368041992
8,7,77.08333333333334,0.17914676666259766
8,8,77.29166666666667,0.1814405918121338
8,9,77.08333333333334,0.21099066734313965
8,10,77.08333333333334,0.18491458892822266
9,1,79.58333333333333,0.09589028358459473
9,2,78.54166666666667,0.09641075134277344
9,3,78.75,0.18120288848876953
9,4,78.54166666666667,0.18018770217895508
9,5,78.54166666666667,0.1985926628112793
9,6,78.33333333333333,0.18049311637878418
9,7,78.54166666666667,0.20375466346740723
9,8,78.95833333333333,0.18322515487670898
9,9,78.95833333333333,0.1795961856842041
9,10,78.95833333333333,0.19923114776611328
10,1,78.95833333333333,0.0967092514038086
10,2,78.33333333333333,0.0947108268737793
10,3,78.75,0.18182778358459473
10,4,78.33333333333333,0.20133519172668457
10,5,78.75,0.18091797828674316
10,6,78.54166666666667,0.18018579483032227
10,7,78.75,0.18034911155700684
10,8,78.125,0.19924139976501465
10,9,78.33333333333333,0.19324994087219238
10,10,78.33333333333333,0.17970967292785645
11,1,80.0,0.09587359428405762
11,2,79.375,0.09630680084228516
11,3,78.95833333333333,0.18118810653686523
11,4,78.33333333333333,0.17932629585266113
11,5,78.54166666666667,0.182084321975708
11,6,78.54166666666667,0.19223451614379883
11,7,78.54166666666667,0.1792137622833252
11,8,78.54166666666667,0.1815018653869629
11,9,78.95833333333333,0.18119001388549805
11,10,78.95833333333333,0.17892193794250488
12,1,80.41666666666667,0.0955960750579834
12,2,79.16666666666666,0.09559321403503418
12,3,79.79166666666667,0.20824742317199707
12,4,79.375,0.1796271800994873
12,5,79.375,0.18123507499694824
12,6,79.58333333333333,0.18123078346252441
12,7,79.58333333333333,0.1804521083831787
12,8,79.79166666666667,0.178924560546875
12,9,79.79166666666667,0.20084834098815918
12,10,79.79166666666667,0.18185806274414062
13,1,81.25,0.09742999076843262
13,2,79.58333333333333,0.09565496444702148
13,3,79.79166666666667,0.17896676063537598
13,4,80.20833333333334,0.1803131103515625
13,5,80.0,0.19579124450683594
13,6,80.20833333333334,0.19312310218811035
13,7,80.0,0.1815946102142334
13,8,80.0,0.18135952949523926
13,9,80.0,0.18194174766540527
13,10,80.0,0.17901396751403809
14,1,80.83333333333333,0.11789703369140625
14,2,80.83333333333333,0.09540915489196777
14,3,79.58333333333333,0.17970561981201172
14,4,79.375,0.18114638328552246
14,5,80.0,0.20718693733215332
14,6,79.79166666666667,0.1800389289855957
14,7,80.41666666666667,0.179121732711792
14,8,80.41666666666667,0.18059659004211426
14,9,80.41666666666667,0.18022394180297852
14,10,80.20833333333334,0.1801908016204834
15,1,81.04166666666667,0.09684419631958008
15,2,81.66666666666667,0.09734392166137695
15,3,80.0,0.19718694686889648
15,4,80.83333333333333,0.18219280242919922
15,5,80.83333333333333,0.17961978912353516
15,6,80.83333333333333,0.1812152862548828
15,7,80.41666666666667,0.1802210807800293
15,8,80.41666666666667,0.1811830997467041
15,9,80.41666666666667,0.20714235305786133
15,10,80.625,0.18466615676879883
16,1,81.45833333333333,0.10343194007873535
16,2,80.83333333333333,0.10654878616333008
16,3,80.20833333333334,0.20512890815734863
16,4,80.41666666666667,0.20975899696350098
16,5,81.25,0.18467068672180176
16,6,81.04166666666667,0.18842124938964844
16,7,81.45833333333333,0.21543240547180176
16,8,81.45833333333333,0.20722341537475586
16,9,81.66666666666667,0.20100760459899902
16,10,81.66666666666667,0.18405771255493164
17,1,81.04166666666667,0.09799838066101074
17,2,80.625,0.0972135066986084
17,3,81.25,0.1832132339477539
17,4,81.04166666666667,0.17962074279785156
17,5,80.83333333333333,0.18120884895324707
17,6,80.83333333333333,0.19777131080627441
17,7,81.25,0.18164443969726562
17,8,81.04166666666667,0.18189287185668945
17,9,81.66666666666667,0.1811840534210205
17,10,81.66666666666667,0.20834898948669434
18,1,80.83333333333333,0.09682846069335938
18,2,81.45833333333333,0.09659838676452637
18,3,80.83333333333333,0.17962098121643066
18,4,81.25,0.18477272987365723
18,5,81.25,0.2167224884033203
18,6,81.66666666666667,0.18019437789916992
18,7,81.66666666666667,0.1843879222869873
18,8,81.875,0.19669651985168457
18,9,81.66666666666667,0.18119168281555176
18,10,81.66666666666667,0.1890113353729248
19,1,80.83333333333333,0.09724140167236328
19,2,80.20833333333334,0.09616851806640625
19,3,81.04166666666667,0.1796875
19,4,81.45833333333333,0.18120837211608887
19,5,81.25,0.2040543556213379
19,6,81.45833333333333,0.18523144721984863
19,7,81.875,0.2011868953704834
19,8,81.875,0.17918825149536133
19,9,81.875,0.18119049072265625
19,10,81.875,0.1838979721069336
20,1,81.04166666666667,0.09601759910583496
20,2,80.0,0.09658408164978027
20,3,80.20833333333334,0.20419025421142578
20,4,80.20833333333334,0.17964458465576172
20,5,80.625,0.18123817443847656
20,6,80.625,0.1801900863647461
20,7,80.625,0.20561432838439941
20,8,80.625,0.18017983436584473
20,9,81.04166666666667,0.1801912784576416
20,10,81.04166666666667,0.18172383308410645
21,1,81.04166666666667,0.09570574760437012
21,2,81.66666666666667,0.09567427635192871
21,3,81.875,0.18029165267944336
21,4,81.875,0.18011784553527832
21,5,81.875,0.18020272254943848
21,6,82.08333333333333,0.18117594718933105
21,7,82.29166666666666,0.17966580390930176
21,8,82.29166666666666,0.17923998832702637
21,9,82.08333333333333,0.20537757873535156
21,10,82.08333333333333,0.1802046298980713
22,1,81.25,0.09859395027160645
22,2,82.08333333333333,0.09559416770935059
22,3,81.04166666666667,0.19974637031555176
22,4,81.04166666666667,0.1801891326904297
22,5,81.66666666666667,0.18019556999206543
22,6,82.08333333333333,0.18285417556762695
22,7,82.08333333333333,0.18024063110351562
22,8,82.08333333333333,0.1811971664428711
22,9,82.29166666666666,0.1811809539794922
22,10,82.29166666666666,0.17918801307678223
23,1,80.83333333333333,0.09559154510498047
23,2,81.875,0.0970308780670166
23,3,81.25,0.19419503211975098
23,4,82.29166666666666,0.18103384971618652
23,5,82.70833333333333,0.18145275115966797
23,6,82.29166666666666,0.17994332313537598
23,7,81.66666666666667,0.17918848991394043
23,8,81.66666666666667,0.19419050216674805
23,9,81.66666666666667,0.18002963066101074
23,10,81.66666666666667,0.1813817024230957
24,1,81.25,0.09682941436767578
24,2,81.66666666666667,0.10616183280944824
24,3,81.25,0.17972850799560547
24,4,82.5,0.18187856674194336
24,5,82.5,0.18346095085144043
24,6,82.29166666666666,0.20320892333984375
24,7,82.08333333333333,0.18066620826721191
24,8,82.08333333333333,0.1806645393371582
24,9,82.08333333333333,0.17981338500976562
24,10,81.875,0.19347643852233887
25,1,81.04166666666667,0.11858463287353516
25,2,81.875,0.09562039375305176
25,3,81.45833333333333,0.20018887519836426
25,4,81.875,0.18748855590820312
25,5,81.875,0.18422293663024902
25,6,81.875,0.20113563537597656
25,7,81.45833333333333,0.18546152114868164
25,8,81.45833333333333,0.1992957592010498
25,9,81.66666666666667,0.18678855895996094
25,10,81.45833333333333,0.2015209197998047
26,1,80.83333333333333,0.1096334457397461
26,2,81.66666666666667,0.11180281639099121
26,3,81.875,0.1940467357635498
26,4,82.5,0.2172858715057373
26,5,82.5,0.20850825309753418
26,6,82.5,0.18352508544921875
26,7,82.5,0.18285322189331055
26,8,82.5,0.18062639236450195
26,9,82.5,0.18124032020568848
26,10,82.29166666666666,0.18143701553344727
27,1,81.04166666666667,0.0963888168334961
27,2,82.5,0.0955960750579834
27,3,82.5,0.18018698692321777
27,4,82.29166666666666,0.18790721893310547
27,5,82.08333333333333,0.17911362648010254
27,6,81.875,0.18207645416259766
27,7,82.08333333333333,0.1812267303466797
27,8,82.08333333333333,0.18044352531433105
27,9,81.875,0.21698307991027832
27,10,81.875,0.18018746376037598
28,1,81.25,0.11102032661437988
28,2,82.29166666666666,0.09666872024536133
28,3,82.29166666666666,0.1790027618408203
28,4,81.66666666666667,0.1807398796081543
28,5,81.66666666666667,0.20654988288879395
28,6,81.45833333333333,0.18251824378967285
28,7,81.45833333333333,0.1799910068511963
28,8,81.45833333333333,0.18341398239135742
28,9,81.45833333333333,0.1841878890991211
28,10,81.45833333333333,0.17918705940246582
29,1,81.25,0.09859251976013184
29,2,82.29166666666666,0.0955958366394043
29,3,82.29166666666666,0.18262195587158203
29,4,81.45833333333333,0.19724035263061523
29,5,81.25,0.18228864669799805
29,6,81.66666666666667,0.18065810203552246
29,7,81.66666666666667,0.17985320091247559
29,8,81.45833333333333,0.2055518627166748
29,9,81.45833333333333,0.1798696517944336
29,10,81.45833333333333,0.18130111694335938
30,1,81.66666666666667,0.09502601623535156
30,2,81.66666666666667,0.09563970565795898
30,3,82.29166666666666,0.18020844459533691
30,4,81.66666666666667,0.21529150009155273
30,5,81.45833333333333,0.1796095371246338
30,6,81.45833333333333,0.19465398788452148
30,7,81.25,0.18140697479248047
30,8,81.04166666666667,0.18001317977905273
30,9,81.04166666666667,0.1801903247833252
30,10,81.04166666666667,0.18120765686035156
31,1,81.25,0.0959625244140625
31,2,81.66666666666667,0.09572935104370117
31,3,81.25,0.23413538932800293
31,4,81.45833333333333,0.18198013305664062
31,5,81.45833333333333,0.18416690826416016
31,6,81.45833333333333,0.1812281608581543
31,7,81.25,0.1801891326904297
31,8,81.25,0.18120074272155762
31,9,81.25,0.1806166172027588
31,10,81.25,0.1812136173248291
32,1,81.25,0.09767913818359375
32,2,81.875,0.0997321605682373
32,3,81.875,0.18167924880981445
32,4,81.66666666666667,0.18018460273742676
32,5,81.66666666666667,0.1809701919555664
32,6,81.66666666666667,0.18163728713989258
32,7,81.66666666666667,0.1821892261505127
32,8,81.66666666666667,0.18119382858276367
32,9,81.66666666666667,0.20319247245788574
32,10,81.66666666666667,0.18118810653686523
33,1,81.04166666666667,0.09572005271911621
33,2,81.04166666666667,0.09546756744384766
33,3,81.25,0.18044590950012207
33,4,81.25,0.18392443656921387
33,5,81.875,0.17993783950805664
33,6,81.875,0.17991852760314941
33,7,81.875,0.19921875
33,8,81.875,0.17995595932006836
33,9,81.875,0.18018603324890137
33,10,82.08333333333333,0.18069672584533691
34,1,81.45833333333333,0.09643435478210449
34,2,81.45833333333333,0.11025762557983398
34,3,81.45833333333333,0.1836543083190918
34,4,81.45833333333333,0.18063640594482422
34,5,81.66666666666667,0.21481657028198242
34,6,81.66666666666667,0.19921088218688965
34,7,81.66666666666667,0.17944693565368652
34,8,81.875,0.1912248134613037
34,9,81.875,0.18710708618164062
34,10,82.08333333333333,0.1836559772491455
35,1,80.625,0.10023617744445801
35,2,81.25,0.10060787200927734
35,3,81.66666666666667,0.19344234466552734
35,4,81.25,0.18488359451293945
35,5,81.875,0.18500423431396484
35,6,81.875,0.18449664115905762
35,7,81.875,0.198699951171875
35,8,81.875,0.193634033203125
35,9,81.875,0.20006108283996582
35,10,81.875,0.1912236213684082
36,1,80.83333333333333,0.12584137916564941
36,2,81.45833333333333,0.09865045547485352
36,3,81.45833333333333,0.18121337890625
36,4,81.45833333333333,0.18518614768981934
36,5,82.29166666666666,0.18118691444396973
36,6,82.29166666666666,0.2050027847290039
36,7,82.08333333333333,0.1801919937133789
36,8,82.08333333333333,0.17962050437927246
36,9,81.66666666666667,0.1812124252319336
36,10,81.66666666666667,0.18718981742858887
37,1,80.625,0.09687185287475586
37,2,81.25,0.09759259223937988
37,3,81.66666666666667,0.20851564407348633
37,4,81.875,0.18006372451782227
37,5,82.08333333333333,0.18149232864379883
37,6,82.29166666666666,0.1812279224395752
37,7,82.08333333333333,0.1806173324584961
37,8,82.29166666666666,0.18236684799194336
37,9,82.29166666666666,0.18189024925231934
37,10,82.08333333333333,0.18018794059753418
38,1,81.04166666666667,0.12458133697509766
38,2,81.45833333333333,0.09559178352355957
38,3,81.875,0.18099570274353027
38,4,81.66666666666667,0.18019366264343262
38,5,81.875,0.17989850044250488
38,6,81.875,0.2101149559020996
38,7,81.875,0.1812295913696289
38,8,82.08333333333333,0.23384356498718262
38,9,82.08333333333333,0.20291924476623535
38,10,82.08333333333333,0.18063116073608398
39,1,80.625,0.0960078239440918
39,2,81.45833333333333,0.09629631042480469
39,3,82.08333333333333,0.18048810958862305
39,4,82.29166666666666,0.23534631729125977
39,5,81.875,0.17974448204040527
39,6,82.08333333333333,0.18413019180297852
39,7,82.08333333333333,0.18285059928894043
39,8,82.08333333333333,0.18322205543518066
39,9,82.29166666666666,0.18041539192199707
39,10,82.29166666666666,0.18404603004455566
40,1,81.25,0.09576940536499023
40,2,81.875,0.12761759757995605
40,3,81.875,0.17956185340881348
40,4,82.08333333333333,0.18317770957946777
40,5,81.875,0.18122434616088867
40,6,81.66666666666667,0.18307232856750488
40,7,81.66666666666667,0.18145346641540527
40,8,81.66666666666667,0.18025588989257812
40,9,81.875,0.1794753074645996
40,10,81.875,0.21726536750793457
41,1,80.625,0.09628462791442871
41,2,81.45833333333333,0.0956118106842041
41,3,82.08333333333333,0.18354392051696777
41,4,81.66666666666667,0.17915630340576172
41,5,81.45833333333333,0.1790330410003662
41,6,81.45833333333333,0.18059110641479492
41,7,81.45833333333333,0.18149352073669434
41,8,81.45833333333333,0.17981791496276855
41,9,81.45833333333333,0.2173004150390625
41,10,81.45833333333333,0.18320274353027344
42,1,81.45833333333333,0.09577202796936035
42,2,81.25,0.09777355194091797
42,3,82.08333333333333,0.18172454833984375
42,4,81.875,0.19726896286010742
42,5,81.66666666666667,0.17882800102233887
42,6,81.66666666666667,0.1821913719177246
42,7,81.45833333333333,0.17963266372680664
42,8,81.45833333333333,0.18523573875427246
42,9,81.45833333333333,0.2052462100982666
42,10,81.45833333333333,0.18030166625976562
43,1,81.04166666666667,0.09625744819641113
43,2,81.25,0.09938883781433105
43,3,81.66666666666667,0.18018889427185059
43,4,81.66666666666667,0.18119215965270996
43,5,81.25,0.2074575424194336
43,6,81.45833333333333,0.1805408000946045
43,7,81.45833333333333,0.1785900592803955
43,8,81.45833333333333,0.20154333114624023
43,9,81.45833333333333,0.18373560905456543
43,10,81.45833333333333,0.18144750595092773
44,1,81.45833333333333,0.09633946418762207
44,2,81.25,0.09958577156066895
44,3,81.45833333333333,0.18405413627624512
44,4,81.25,0.19216179847717285
44,5,81.45833333333333,0.21496057510375977
44,6,81.45833333333333,0.2162315845489502
44,7,81.25,0.19336938858032227
44,8,81.25,0.1930859088897705
44,9,81.45833333333333,0.2127242088317871
44,10,81.45833333333333,0.21338629722595215
45,1,81.45833333333333,0.1086268424987793
45,2,80.83333333333333,0.10280513763427734
45,3,81.45833333333333,0.18790936470031738
45,4,81.875,0.18514156341552734
45,5,81.45833333333333,0.18118929862976074
45,6,81.25,0.21419954299926758
45,7,80.625,0.1824030876159668
45,8,80.83333333333333,0.2005934715270996
45,9,80.83333333333333,0.1868739128112793
45,10,80.625,0.1796565055847168
46,1,81.45833333333333,0.09577465057373047
46,2,81.25,0.09557342529296875
46,3,81.45833333333333,0.19290494918823242
46,4,81.45833333333333,0.18141674995422363
46,5,80.41666666666667,0.1807551383972168
46,6,80.41666666666667,0.18090033531188965
46,7,81.04166666666667,0.18074822425842285
46,8,80.83333333333333,0.18033456802368164
46,9,80.625,0.1809985637664795
46,10,80.625,0.18118762969970703
47,1,81.66666666666667,0.09659171104431152
47,2,81.45833333333333,0.12560653686523438
47,3,81.25,0.18053793907165527
47,4,81.45833333333333,0.20540928840637207
47,5,80.83333333333333,0.1801128387451172
47,6,80.625,0.180189847946167
47,7,80.41666666666667,0.18070292472839355
47,8,80.625,0.18219804763793945
47,9,80.625,0.17953920364379883
47,10,80.625,0.18118906021118164
48,1,82.08333333333333,0.09659624099731445
48,2,81.45833333333333,0.09616303443908691
48,3,81.04166666666667,0.20390558242797852
48,4,81.04166666666667,0.1804795265197754
48,5,81.04166666666667,0.1830453872680664
48,6,81.45833333333333,0.17982053756713867
48,7,81.66666666666667,0.19186806678771973
48,8,81.04166666666667,0.18543529510498047
48,9,81.25,0.18707609176635742
48,10,81.25,0.18120288848876953
49,1,81.875,0.09559178352355957
49,2,81.66666666666667,0.09560441970825195
49,3,81.45833333333333,0.1796250343322754
49,4,81.45833333333333,0.18321704864501953
49,5,80.83333333333333,0.19265198707580566
49,6,80.83333333333333,0.1826643943786621
49,7,80.83333333333333,0.18044662475585938
49,8,80.625,0.1842939853668213
49,9,80.625,0.17962193489074707
49,10,80.625,0.19283103942871094
50,1,81.875,0.09568214416503906
50,2,81.04166666666667,0.09666991233825684
50,3,81.45833333333333,0.17940807342529297
50,4,81.66666666666667,0.20322751998901367
50,5,81.04166666666667,0.18030881881713867
50,6,80.625,0.18143272399902344
50,7,80.625,0.1808910369873047
50,8,80.83333333333333,0.18097281455993652
50,9,80.83333333333333,0.19323468208312988
50,10,80.83333333333333,0.17918848991394043
51,1,80.625,0.09659314155578613
51,2,80.625,0.09589123725891113
51,3,81.66666666666667,0.1828935146331787
51,4,81.45833333333333,0.18020415306091309
51,5,81.04166666666667,0.18062639236450195
51,6,80.625,0.2048649787902832
51,7,80.83333333333333,0.18027067184448242
51,8,80.625,0.1802976131439209
51,9,80.20833333333334,0.1808466911315918
51,10,80.41666666666667,0.18069767951965332
52,1,80.625,0.09759068489074707
52,2,81.45833333333333,0.0950310230255127
52,3,81.04166666666667,0.21579980850219727
52,4,81.66666666666667,0.18004775047302246
52,5,81.45833333333333,0.18304824829101562
52,6,81.45833333333333,0.18161392211914062
52,7,81.25,0.17885875701904297
52,8,81.25,0.18119335174560547
52,9,81.04166666666667,0.1981954574584961
52,10,81.04166666666667,0.18411040306091309
53,1,80.20833333333334,0.0950310230255127
53,2,80.41666666666667,0.09764647483825684
53,3,81.04166666666667,0.18055939674377441
53,4,81.04166666666667,0.1980733871459961
53,5,80.41666666666667,0.1820671558380127
53,6,80.41666666666667,0.18520665168762207
53,7,80.20833333333334,0.1840496063232422
53,8,80.625,0.18626689910888672
53,9,80.41666666666667,0.18796920776367188
53,10,80.20833333333334,0.18589282035827637
54,1,80.625,0.1036674976348877
54,2,81.66666666666667,0.09633302688598633
54,3,81.25,0.18895769119262695
54,4,81.875,0.1846909523010254
54,5,81.25,0.18561530113220215
54,6,81.25,0.1831657886505127
54,7,80.83333333333333,0.19169020652770996
54,8,80.625,0.1913447380065918
54,9,80.625,0.18657946586608887
54,10,80.625,0.19934415817260742
55,1,80.625,0.09592485427856445
55,2,80.83333333333333,0.0959939956665039
55,3,80.83333333333333,0.1896378993988037
55,4,81.25,0.1810293197631836
55,5,80.625,0.18232464790344238
55,6,80.625,0.18317341804504395
55,7,80.41666666666667,0.20925474166870117
55,8,80.41666666666667,0.18019652366638184
55,9,80.20833333333334,0.17961764335632324
55,10,80.20833333333334,0.18255996704101562
56,1,80.20833333333334,0.09625005722045898
56,2,81.04166666666667,0.09563493728637695
56,3,81.04166666666667,0.1840343475341797
56,4,80.83333333333333,0.18018102645874023
56,5,80.41666666666667,0.2050178050994873
56,6,80.625,0.20623087882995605
56,7,80.41666666666667,0.17919015884399414
56,8,80.41666666666667,0.18102073669433594
56,9,80.41666666666667,0.18679046630859375
56,10,80.41666666666667,0.17982006072998047
57,1,80.20833333333334,0.09764266014099121
57,2,80.625,0.0961298942565918
57,3,80.625,0.1992020606994629
57,4,80.83333333333333,0.18119144439697266
57,5,80.625,0.1801919937133789
57,6,80.41666666666667,0.18089604377746582
57,7,80.41666666666667,0.18122172355651855
57,8,80.41666666666667,0.18020939826965332
57,9,80.41666666666667,0.18007612228393555
57,10,80.41666666666667,0.18119025230407715
58,1,80.41666666666667,0.09759306907653809
58,2,81.04166666666667,0.09587788581848145
58,3,80.83333333333333,0.19322538375854492
58,4,80.625,0.1793680191040039
58,5,80.20833333333334,0.18522024154663086
58,6,80.41666666666667,0.19121313095092773
58,7,80.0,0.18018555641174316
58,8,80.0,0.18602991104125977
58,9,80.0,0.18357348442077637
58,10,80.0,0.20522594451904297
59,1,80.20833333333334,0.09559297561645508
59,2,80.83333333333333,0.09758162498474121
59,3,80.41666666666667,0.17903423309326172
59,4,80.20833333333334,0.19640254974365234
59,5,80.0,0.18002986907958984
59,6,80.0,0.18119215965270996
59,7,80.0,0.18018841743469238
59,8,80.0,0.18155741691589355
59,9,79.79166666666667,0.20285677909851074
59,10,79.79166666666667,0.18062877655029297
60,1,80.625,0.09689116477966309
60,2,80.625,0.09570765495300293
60,3,80.625,0.18286800384521484
60,4,80.41666666666667,0.19809436798095703
60,5,80.41666666666667,0.18318915367126465
60,6,80.41666666666667,0.1790454387664795
60,7,80.41666666666667,0.18386483192443848
60,8,80.625,0.19746184349060059
60,9,80.83333333333333,0.18322014808654785
60,10,81.04166666666667,0.1802234649658203
61,1,80.20833333333334,0.09747695922851562
61,2,80.625,0.09566712379455566
61,3,80.20833333333334,0.18044281005859375
61,4,80.20833333333334,0.20326781272888184
61,5,80.41666666666667,0.18603014945983887
61,6,80.41666666666667,0.18147706985473633
61,7,80.41666666666667,0.21880435943603516
61,8,80.0,0.20822882652282715
61,9,79.79166666666667,0.18119168281555176
61,10,80.0,0.1802067756652832
62,1,80.625,0.09606599807739258
62,2,80.625,0.09568500518798828
62,3,80.20833333333334,0.18128180503845215
62,4,80.41666666666667,0.1803586483001709
62,5,80.625,0.18001866340637207
62,6,80.625,0.1811845302581787
62,7,80.83333333333333,0.18288755416870117
62,8,80.83333333333333,0.18030643463134766
62,9,80.83333333333333,0.20485448837280273
62,10,80.83333333333333,0.18022727966308594
63,1,80.625,0.10210752487182617
63,2,80.41666666666667,0.09756207466125488
63,3,80.0,0.18413972854614258
63,4,80.20833333333334,0.19324254989624023
63,5,79.79166666666667,0.19748258590698242
63,6,80.20833333333334,0.18786334991455078
63,7,80.41666666666667,0.18411540985107422
63,8,80.41666666666667,0.18670916557312012
63,9,80.41666666666667,0.18517231941223145
63,10,80.41666666666667,0.18812799453735352
64,1,80.41666666666667,0.09756827354431152
64,2,80.83333333333333,0.0975947380065918
64,3,80.0,0.18364691734313965
64,4,80.41666666666667,0.18215298652648926
64,5,80.41666666666667,0.181196928024292
64,6,80.625,0.18062472343444824
64,7,80.625,0.18121623992919922
64,8,80.83333333333333,0.20423030853271484
64,9,80.83333333333333,0.18030667304992676
64,10,80.625,0.18010807037353516
65,1,80.20833333333334,0.0995931625366211
65,2,80.41666666666667,0.09652042388916016
65,3,80.0,0.20418882369995117
65,4,80.0,0.1822044849395752
65,5,80.20833333333334,0.1912555694580078
65,6,80.0,0.18154263496398926
65,7,80.20833333333334,0.20524978637695312
65,8,80.20833333333334,0.18120646476745605
65,9,80.0,0.18145346641540527
65,10,79.79166666666667,0.17986154556274414
66,1,80.20833333333334,0.10146856307983398
66,2,81.04166666666667,0.09739851951599121
66,3,80.20833333333334,0.19118690490722656
66,4,79.79166666666667,0.18329191207885742
66,5,80.20833333333334,0.18052339553833008
66,6,80.625,0.18024635314941406
66,7,80.625,0.18084216117858887
66,8,80.625,0.1957094669342041
66,9,80.41666666666667,0.18102693557739258
66,10,80.41666666666667,0.1812117099761963
67,1,80.0,0.09688186645507812
67,2,80.625,0.09527277946472168
67,3,80.41666666666667,0.18095898628234863
67,4,80.0,0.18127799034118652
67,5,80.0,0.17986583709716797
67,6,80.625,0.19073748588562012
67,7,80.625,0.18018817901611328
67,8,80.41666666666667,0.2052013874053955
67,9,80.41666666666667,0.18063783645629883
67,10,80.20833333333334,0.18046212196350098
68,1,80.41666666666667,0.09798693656921387
68,2,81.04166666666667,0.09635066986083984
68,3,80.41666666666667,0.18220853805541992
68,4,80.41666666666667,0.18018579483032227
68,5,80.83333333333333,0.18147587776184082
68,6,80.83333333333333,0.202927827835083
68,7,80.625,0.18062877655029297
68,8,80.83333333333333,0.18015718460083008
68,9,80.83333333333333,0.20689940452575684
68,10,80.83333333333333,0.17923688888549805
69,1,80.0,0.09578680992126465
69,2,80.20833333333334,0.1152949333190918
69,3,80.20833333333334,0.18021249771118164
69,4,80.625,0.18384933471679688
69,5,80.625,0.20537972450256348
69,6,80.625,0.1804053783416748
69,7,80.20833333333334,0.18109679222106934
69,8,80.41666666666667,0.1827073097229004
69,9,80.41666666666667,0.18017864227294922
69,10,80.41666666666667,0.1815338134765625
70,1,80.41666666666667,0.11626386642456055
70,2,80.625,0.0946202278137207
70,3,80.625,0.18147516250610352
70,4,80.41666666666667,0.18030428886413574
70,5,80.20833333333334,0.1804335117340088
70,6,80.20833333333334,0.1823720932006836
70,7,80.41666666666667,0.17941546440124512
70,8,80.41666666666667,0.20901918411254883
70,9,80.41666666666667,0.1802537441253662
70,10,80.41666666666667,0.18020224571228027
71,1,79.58333333333333,0.09972357749938965
71,2,80.20833333333334,0.09544849395751953
71,3,80.20833333333334,0.18118667602539062
71,4,80.0,0.19818925857543945
71,5,80.0,0.18094468116760254
71,6,80.20833333333334,0.18045330047607422
71,7,80.20833333333334,0.19134283065795898
71,8,80.0,0.17992377281188965
71,9,80.20833333333334,0.18145298957824707
71,10,80.20833333333334,0.18156862258911133
72,1,79.58333333333333,0.09502983093261719
72,2,80.625,0.09667611122131348
72,3,80.41666666666667,0.18013429641723633
72,4,80.0,0.18124699592590332
72,5,79.79166666666667,0.18248629570007324
72,6,79.79166666666667,0.19717121124267578
72,7,80.0,0.18512725830078125
72,8,80.20833333333334,0.1975419521331787
72,9,80.20833333333334,0.1859896183013916
72,10,80.41666666666667,0.19953179359436035
73,1,79.79166666666667,0.11283254623413086
73,2,79.58333333333333,0.09650993347167969
73,3,80.41666666666667,0.18886733055114746
73,4,80.0,0.2004258632659912
73,5,80.0,0.18415498733520508
73,6,80.0,0.20018482208251953
73,7,80.0,0.19117307662963867
73,8,80.41666666666667,0.1881401538848877
73,9,80.41666666666667,0.182373046875
73,10,80.41666666666667,0.18442797660827637
74,1,79.79166666666667,0.09688973426818848
74,2,80.83333333333333,0.11330914497375488
74,3,80.625,0.18349623680114746
74,4,80.0,0.1799788475036621
74,5,80.0,0.1805896759033203
74,6,80.0,0.18056821823120117
74,7,80.20833333333334,0.18117284774780273
74,8,80.20833333333334,0.18439340591430664
74,9,80.20833333333334,0.18145012855529785
74,10,80.41666666666667,0.1807849407196045
75,1,79.79166666666667,0.09725379943847656
75,2,80.20833333333334,0.10836338996887207
75,3,80.20833333333334,0.18306684494018555
75,4,80.0,0.1834697723388672
75,5,80.20833333333334,0.19191932678222656
75,6,80.20833333333334,0.18119287490844727
75,7,80.20833333333334,0.1840498447418213
75,8,80.20833333333334,0.18021583557128906
75,9,80.41666666666667,0.18262362480163574
75,10,80.41666666666667,0.1811535358428955
76,1,80.20833333333334,0.11660575866699219
76,2,80.83333333333333,0.0958249568939209
76,3,80.41666666666667,0.17922091484069824
76,4,80.20833333333334,0.18245553970336914
76,5,80.0,0.19764947891235352
76,6,80.0,0.18207645416259766
76,7,80.41666666666667,0.18428254127502441
76,8,80.41666666666667,0.1795976161956787
76,9,80.41666666666667,0.18179774284362793
76,10,80.41666666666667,0.20807957649230957
77,1,80.0,0.09557271003723145
77,2,80.0,0.09662389755249023
77,3,80.20833333333334,0.18019413948059082
77,4,80.20833333333334,0.1830441951751709
77,5,80.0,0.21404123306274414
77,6,80.0,0.18112587928771973
77,7,80.0,0.1812152862548828
77,8,80.41666666666667,0.18058562278747559
77,9,80.41666666666667,0.18015432357788086
77,10,80.20833333333334,0.18117809295654297
78,1,80.20833333333334,0.09561538696289062
78,2,80.41666666666667,0.0965566635131836
78,3,80.41666666666667,0.18201875686645508
78,4,80.625,0.18324780464172363
78,5,80.41666666666667,0.18003487586975098
78,6,80.625,0.19810819625854492
78,7,80.625,0.1810770034790039
78,8,80.625,0.18312954902648926
78,9,80.41666666666667,0.18342852592468262
78,10,80.41666666666667,0.18716692924499512
79,1,80.20833333333334,0.09753608703613281
79,2,80.0,0.09552121162414551
79,3,80.20833333333334,0.19426321983337402
79,4,80.20833333333334,0.180588960647583
79,5,80.41666666666667,0.18228840827941895
79,6,80.41666666666667,0.18865203857421875
79,7,80.20833333333334,0.18003368377685547
79,8,80.20833333333334,0.1990361213684082
79,9,80.20833333333334,0.18021106719970703
79,10,80.20833333333334,0.17962884902954102
80,1,80.0,0.09663605690002441
80,2,80.20833333333334,0.09864163398742676
80,3,80.20833333333334,0.18095922470092773
80,4,80.0,0.1800365447998047
80,5,80.20833333333334,0.2010667324066162
80,6,80.625,0.1792147159576416
80,7,80.41666666666667,0.18018674850463867
80,8,80.41666666666667,0.18249869346618652
80,9,80.20833333333334,0.2021043300628662
80,10,80.20833333333334,0.17912578582763672
81,1,80.0,0.09761857986450195
81,2,80.0,0.09710574150085449
81,3,80.41666666666667,0.18169236183166504
81,4,80.20833333333334,0.18103408813476562
81,5,80.20833333333334,0.20112276077270508
81,6,80.41666666666667,0.1801738739013672
81,7,80.41666666666667,0.18153119087219238
81,8,80.41666666666667,0.18204069137573242
81,9,80.20833333333334,0.18007230758666992
81,10,80.20833333333334,0.18303132057189941
82,1,80.20833333333334,0.11707425117492676
82,2,80.83333333333333,0.09749865531921387
82,3,80.625,0.1941227912902832
82,4,80.20833333333334,0.20342755317687988
82,5,80.625,0.18365812301635742
82,6,80.625,0.20051002502441406
82,7,80.83333333333333,0.21010422706604004
82,8,80.83333333333333,0.20709490776062012
82,9,81.04166666666667,0.2058098316192627
82,10,81.04166666666667,0.20709514617919922
83,1,80.20833333333334,0.10652828216552734
83,2,80.625,0.10165262222290039
83,3,80.41666666666667,0.18267178535461426
83,4,80.41666666666667,0.1801743507385254
83,5,80.625,0.18218302726745605
83,6,80.41666666666667,0.1961500644683838
83,7,80.41666666666667,0.18391180038452148
83,8,80.41666666666667,0.18111896514892578
83,9,80.41666666666667,0.1801741123199463
83,10,80.625,0.18015575408935547
84,1,80.0,0.09759187698364258
84,2,80.83333333333333,0.09552526473999023
84,3,80.83333333333333,0.19213318824768066
84,4,80.83333333333333,0.18202805519104004
84,5,81.45833333333333,0.19930148124694824
84,6,81.45833333333333,0.18951630592346191
84,7,81.25,0.1811685562133789
84,8,81.04166666666667,0.18021392822265625
84,9,81.04166666666667,0.1811830997467041
84,10,80.83333333333333,0.18004226684570312
85,1,80.20833333333334,0.09551715850830078
85,2,80.41666666666667,0.11457610130310059
85,3,80.20833333333334,0.18114209175109863
85,4,80.41666666666667,0.18471407890319824
85,5,81.04166666666667,0.1844930648803711
85,6,81.04166666666667,0.18112492561340332
85,7,80.625,0.18103528022766113
85,8,80.625,0.18804359436035156
85,9,80.20833333333334,0.18103814125061035
85,10,80.20833333333334,0.19819068908691406
86,1,80.625,0.0965731143951416
86,2,80.20833333333334,0.09505057334899902
86,3,80.41666666666667,0.18086791038513184
86,4,81.04166666666667,0.18023061752319336
86,5,81.25,0.18308281898498535
86,6,81.25,0.18103361129760742
86,7,81.45833333333333,0.18903660774230957
86,8,81.25,0.19103503227233887
86,9,81.25,0.19355320930480957
86,10,81.25,0.18207931518554688
87,1,80.20833333333334,0.09559774398803711
87,2,80.0,0.09618663787841797
87,3,80.41666666666667,0.18006229400634766
87,4,80.83333333333333,0.20406675338745117
87,5,81.04166666666667,0.20511674880981445
87,6,81.04166666666667,0.17920660972595215
87,7,81.04166666666667,0.18123364448547363
87,8,80.83333333333333,0.18117952346801758
87,9,80.83333333333333,0.19802546501159668
87,10,80.83333333333333,0.18566513061523438
88,1,80.0,0.09664058685302734
88,2,80.625,0.09566712379455566
88,3,80.625,0.18277597427368164
88,4,81.25,0.18014812469482422
88,5,81.25,0.1844348907470703
88,6,81.25,0.19603514671325684
88,7,81.25,0.18105030059814453
88,8,81.25,0.18052148818969727
88,9,81.04166666666667,0.20107007026672363
88,10,81.45833333333333,0.1801457405090332
89,1,80.0,0.09657001495361328
89,2,80.41666666666667,0.09853458404541016
89,3,80.20833333333334,0.20303797721862793
89,4,81.04166666666667,0.18310308456420898
89,5,81.04166666666667,0.18003225326538086
89,6,81.25,0.19605016708374023
89,7,81.25,0.19397664070129395
89,8,81.25,0.18152475357055664
89,9,81.04166666666667,0.18105316162109375
89,10,80.83333333333333,0.20145940780639648
90,1,80.0,0.09904336929321289
90,2,80.20833333333334,0.0966796875
90,3,80.41666666666667,0.18219661712646484
90,4,81.25,0.18216633796691895
90,5,81.25,0.21708989143371582
90,6,81.25,0.1838531494140625
90,7,81.25,0.1809391975402832
90,8,81.25,0.20014119148254395
90,9,81.25,0.18082618713378906
90,10,81.45833333333333,0.18152356147766113
91,1,80.0,0.09755873680114746
91,2,80.41666666666667,0.09759807586669922
91,3,80.20833333333334,0.1821763515472412
91,4,80.41666666666667,0.1800379753112793
91,5,80.83333333333333,0.19936680793762207
91,6,81.04166666666667,0.18607020378112793
91,7,80.83333333333333,0.1941533088684082
91,8,80.83333333333333,0.19003963470458984
91,9,80.83333333333333,0.18429851531982422
91,10,80.83333333333333,0.19065260887145996
92,1,79.79166666666667,0.09854888916015625
92,2,81.04166666666667,0.09756302833557129
92,3,80.41666666666667,0.19208025932312012
92,4,80.625,0.18716144561767578
92,5,80.83333333333333,0.18892884254455566
92,6,81.04166666666667,0.19895172119140625
92,7,81.45833333333333,0.18216848373413086
92,8,81.25,0.18302321434020996
92,9,81.04166666666667,0.18504595756530762
92,10,81.04166666666667,0.17959260940551758
93,1,80.0,0.09665369987487793
93,2,80.41666666666667,0.09556388854980469
93,3,80.625,0.1812148094177246
93,4,80.41666666666667,0.18208742141723633
93,5,80.41666666666667,0.18103504180908203
93,6,80.625,0.20209312438964844
93,7,80.83333333333333,0.18159270286560059
93,8,80.83333333333333,0.18068265914916992
93,9,80.83333333333333,0.18213462829589844
93,10,80.83333333333333,0.1810295581817627
94,1,80.0,0.12257504463195801
94,2,80.625,0.0978548526763916
94,3,80.625,0.18203234672546387
94,4,81.25,0.1796565055847168
94,5,80.83333333333333,0.17996668815612793
94,6,81.04166666666667,0.19504237174987793
94,7,80.83333333333333,0.18251967430114746
94,8,80.83333333333333,0.18108415603637695
94,9,80.83333333333333,0.1963355541229248
94,10,80.83333333333333,0.17988038063049316
95,1,80.20833333333334,0.09558725357055664
95,2,80.41666666666667,0.09557938575744629
95,3,80.83333333333333,0.18210268020629883
95,4,80.41666666666667,0.18052101135253906
95,5,80.41666666666667,0.21565842628479004
95,6,80.41666666666667,0.17962265014648438
95,7,80.625,0.1831519603729248
95,8,80.41666666666667,0.18122553825378418
95,9,80.41666666666667,0.18003201484680176
95,10,80.625,0.18103408813476562
96,1,80.20833333333334,0.1295483112335205
96,2,80.41666666666667,0.09557700157165527
96,3,80.83333333333333,0.18018889427185059
96,4,81.45833333333333,0.1821599006652832
96,5,81.45833333333333,0.219010591506958
96,6,81.66666666666667,0.18247437477111816
96,7,81.45833333333333,0.18253159523010254
96,8,81.45833333333333,0.19511818885803223
96,9,81.45833333333333,0.180253267288208
96,10,81.25,0.18343710899353027
97,1,79.58333333333333,0.09759211540222168
97,2,80.41666666666667,0.0965111255645752
97,3,80.83333333333333,0.20311737060546875
97,4,81.04166666666667,0.1832752227783203
97,5,81.45833333333333,0.1881544589996338
97,6,81.45833333333333,0.18154430389404297
97,7,81.04166666666667,0.20114660263061523
97,8,81.04166666666667,0.18023681640625
97,9,81.04166666666667,0.18024611473083496
97,10,80.83333333333333,0.18103337287902832
98,1,79.79166666666667,0.11153721809387207
98,2,80.41666666666667,0.09559106826782227
98,3,81.04166666666667,0.1820535659790039
98,4,81.25,0.18003106117248535
98,5,81.66666666666667,0.1805582046508789
98,6,81.45833333333333,0.18108272552490234
98,7,81.45833333333333,0.1800382137298584
98,8,81.25,0.1800379753112793
98,9,81.25,0.20807385444641113
98,10,81.25,0.18016886711120605
99,1,79.58333333333333,0.09659504890441895
99,2,80.20833333333334,0.09557723999023438
99,3,81.04166666666667,0.18059825897216797
99,4,80.625,0.18216753005981445
99,5,81.25,0.1920483112335205
99,6,81.25,0.18193721771240234
99,7,81.04166666666667,0.1831672191619873
99,8,81.04166666666667,0.18020915985107422
99,9,81.04166666666667,0.18158745765686035
99,10,81.04166666666667,0.1821119785308838
